alignment	ave_fitness	ave_genome_length	ave_tree_depth	ave_tree_nodes	ave_used_codons	best_fitness	best_phenotype	complexity	gen	generalization	invalids	max_genome_length	max_tree_depth	max_tree_nodes	max_used_codons	min_genome_length	min_tree_depth	min_tree_nodes	min_used_codons	precision	regens	runtime_error	simplicity	time_adjust	time_taken	total_inds	total_time	unique_inds	unused_search	
0.7572797123006262	0.006774082962990274	307.112	8.5	309.798	204.9	0.4528685002067214	xor({a}){c}lo4({e}{b}{h}{d}{g}{e}){h}	0.9556554843620141	0	0.4380844164721217	0	1639	13	1655	1093	10	4	12	7	0	0	0	0.875	0	68.67127585411072	500	68.67127585411072	441	11.799999999999997	
0.7572797123006262	0.0264042300551062	135.476	9.422	148.366	97.632	0.5362018335400548	xor({a}){c}lo4({e}{b}{h}{a}{g}{e}){h}	0.9556554843620141	1	0.4380844164721217	0	500	20	709	460	10	4	12	7	0	0	0	0.75	0	5.1572041511535645	1000	73.82848000526428	839	16.10000000000001	
