alignment	ave_fitness	ave_genome_length	ave_tree_depth	ave_tree_nodes	ave_used_codons	best_fitness	best_phenotype	complexity	gen	generalization	invalids	max_genome_length	max_tree_depth	max_tree_nodes	max_used_codons	min_genome_length	min_tree_depth	min_tree_nodes	min_used_codons	precision	regens	runtime_error	simplicity	time_adjust	time_taken	total_inds	total_time	unique_inds	unused_search	
0.59969536	0.004971576150584765	300.808	8.5	303.806	200.704	0.41844835955648385	opt({a}{c}{b})xor({e}{d}{h}and({h})){b}{a}{d}xor({d})	0.7142857142857143	0	0.2621943711413851	0	1824	13	1842	1216	10	4	12	7	0	0	0	0.6666666666666667	0	63.575907707214355	500	63.575907707214355	443	11.400000000000006	
0.59969536	0.029052812837702176	141.096	9.712	154.938	101.806	0.41844835955648885	opt({a}{c}{b})xor({e}{d}{h}{c}){b}{a}{d}xor({d})	0.7142857142857143	1	0.2621943711413851	0	499	20	721	473	10	4	12	7	0	0	0	0.6666666666666667	0	6.946415901184082	1000	70.52232360839844	844	15.600000000000009	
0.59969536	0.07508558771453344	83.218	9.328	95.302	62.696	0.4754554099824069	opt({a}{c}{b})xor({e}{d}{h}and({h})){d}{a}{d}xor({d})	0.7142857142857143	2	0.1766837955025008	0	490	20	717	470	10	4	12	7	0	0	0	0.6666666666666667	0	3.1056907176971436	1500	73.62801432609558	1270	15.333333333333329	
