alignment	ave_fitness	ave_genome_length	ave_tree_depth	ave_tree_nodes	ave_used_codons	best_fitness	best_phenotype	complexity	gen	generalization	invalids	max_genome_length	max_tree_depth	max_tree_nodes	max_used_codons	min_genome_length	min_tree_depth	min_tree_nodes	min_used_codons	precision	regens	runtime_error	simplicity	time_adjust	time_taken	total_inds	total_time	unique_inds	unused_search	
0.6264884699466088	0.00718408891404787	297.606	8.5	300.536	198.57	0.33310257947683825	xor({a})lo3({d}{e}{b}{e})seq({g})seq({c})	0.9300687357512937	0	0.3612145814106883	0	1713	13	1754	1142	10	4	12	7	0	0	0	0.8571428571428572	0	59.87082004547119	500	59.87082004547119	448	10.399999999999991	
0.5454858319379178	0.0354683876364385	132.648	9.608	145.442	95.66	0.3724571175157536	seq({e})xor({c}{b}{g}{a}{d}{e})and({g})lo0({a})	0.8200443521782571	1	0.19230816369126313	0	500	20	741	483	10	4	12	7	0	0	0	0.75	0	9.005905866622925	1000	68.87672591209412	848	15.200000000000003	
0.8493465599999999	0.09282915061612435	105.722	9.93	115.51	75.646	0.5169224696660004	xor({e}{a})xor({b}{h}{c})xor({e})and({h})xor(and({g}){h})	0.937176227612093	2	0.6418975293069603	0	498	20	729	480	10	4	12	7	0	0	0	0.75	0	6.087713241577148	1500	74.96443915367126	1272	15.200000000000003	
